{
  "table": "observation",
  "mode": "upsert",
  "key": [
    "id"
  ],
  "columns": {
    "id": {
      "from": "<CSV_id>"
    },
    "observer": {
      "from": "<CSV_observer>"
    },
    "whenObserved": {
      "from": "<CSV_whenObserved>"
    },
    "tool_id": {
      "from": "<CSV_tool_id>"
    },
    "eval_id": {
      "from": "<CSV_eval_id>"
    },
    "dataset_2_id": {
      "from": "<CSV_dataset_2_id>"
    },
    "name": {
      "from": "<CSV_name>"
    },
    "description": {
      "from": "<CSV_description>"
    }
  }
}